{
  "openapi" : "3.0.3",
  "info" : {
    "title" : "Generated by Debezium OpenAPI Generator"
  },
  "components" : {
    "schemas" : {
      "debezium-postgres-2.3.7.Final" : {
        "title" : "Debezium PostgreSQL Connector",
        "required" : [ "topic.prefix", "database.hostname", "database.user", "database.dbname" ],
        "type" : "object",
        "properties" : {
          "topic.prefix" : {
            "title" : "Topic prefix",
            "description" : "Topic prefix that identifies and provides a namespace for the particular database server/cluster is capturing changes. The topic prefix should be unique across all other connectors, since it is used as a prefix for all Kafka topic names that receive events emitted by this connector. Only alphanumeric characters, hyphens, dots and underscores must be accepted.",
            "type" : "string",
            "nullable" : false,
            "x-name" : "topic.prefix",
            "x-category" : "CONNECTION"
          },
          "database.hostname" : {
            "title" : "Hostname",
            "description" : "Resolvable hostname or IP address of the database server.",
            "type" : "string",
            "nullable" : false,
            "x-name" : "database.hostname",
            "x-category" : "CONNECTION"
          },
          "database.port" : {
            "format" : "int32",
            "title" : "Port",
            "description" : "Port of the database server.",
            "default" : 5432,
            "type" : "integer",
            "x-name" : "database.port",
            "x-category" : "CONNECTION"
          },
          "database.user" : {
            "title" : "User",
            "description" : "Name of the database user to be used when connecting to the database.",
            "type" : "string",
            "nullable" : false,
            "x-name" : "database.user",
            "x-category" : "CONNECTION"
          },
          "database.password" : {
            "format" : "password",
            "title" : "Password",
            "description" : "Password of the database user to be used when connecting to the database.",
            "type" : "string",
            "x-name" : "database.password",
            "x-category" : "CONNECTION"
          },
          "database.dbname" : {
            "title" : "Database",
            "description" : "The name of the database from which the connector should capture changes",
            "type" : "string",
            "nullable" : false,
            "x-name" : "database.dbname",
            "x-category" : "CONNECTION"
          },
          "database.sslmode" : {
            "title" : "SSL mode",
            "description" : "Whether to use an encrypted connection to Postgres. Options include: 'disable' (the default) to use an unencrypted connection; 'allow' to try and use an unencrypted connection first and, failing that, a secure (encrypted) connection; 'prefer' (the default) to try and use a secure (encrypted) connection first and, failing that, an unencrypted connection; 'require' to use a secure (encrypted) connection, and fail if one cannot be established; 'verify-ca' like 'required' but additionally verify the server TLS certificate against the configured Certificate Authority (CA) certificates, or fail if no valid matching CA certificates are found; or 'verify-full' like 'verify-ca' but additionally verify that the server certificate matches the host to which the connection is attempted.",
            "default" : "prefer",
            "enum" : [ "allow", "prefer", "disable", "verify-ca", "require", "verify-full" ],
            "type" : "string",
            "x-name" : "database.sslmode",
            "x-category" : "CONNECTION_ADVANCED_SSL"
          },
          "database.sslcert" : {
            "title" : "SSL Client Certificate",
            "description" : "File containing the SSL Certificate for the client. See the Postgres SSL docs for further information",
            "type" : "string",
            "x-name" : "database.sslcert",
            "x-category" : "CONNECTION_ADVANCED_SSL"
          },
          "database.sslpassword" : {
            "format" : "password",
            "title" : "SSL Client Key Password",
            "description" : "Password to access the client private key from the file specified by 'database.sslkey'. See the Postgres SSL docs for further information",
            "type" : "string",
            "x-name" : "database.sslpassword",
            "x-category" : "CONNECTION_ADVANCED_SSL"
          },
          "database.sslrootcert" : {
            "title" : "SSL Root Certificate",
            "description" : "File containing the root certificate(s) against which the server is validated. See the Postgres JDBC SSL docs for further information",
            "type" : "string",
            "x-name" : "database.sslrootcert",
            "x-category" : "CONNECTION_ADVANCED_SSL"
          },
          "database.sslkey" : {
            "title" : "SSL Client Key",
            "description" : "File containing the SSL private key for the client. See the Postgres SSL docs for further information",
            "type" : "string",
            "x-name" : "database.sslkey",
            "x-category" : "CONNECTION_ADVANCED_SSL"
          },
          "database.sslfactory" : {
            "title" : "SSL Root Certificate",
            "description" : "A name of class to that creates SSL Sockets. Use org.postgresql.ssl.NonValidatingFactory to disable SSL validation in development environments",
            "type" : "string",
            "x-name" : "database.sslfactory",
            "x-category" : "CONNECTION_ADVANCED_SSL"
          },
          "database.tcpKeepAlive" : {
            "title" : "TCP keep-alive probe",
            "description" : "Enable or disable TCP keep-alive probe to avoid dropping TCP connection",
            "default" : true,
            "type" : "boolean",
            "x-name" : "database.tcpKeepAlive",
            "x-category" : "CONNECTION_ADVANCED"
          },
          "database.initial.statements" : {
            "title" : "Initial statements",
            "description" : "A semicolon separated list of SQL statements to be executed when a JDBC connection to the database is established. Note that the connector may establish JDBC connections at its own discretion, so this should typically be used for configuration of session parameters only, but not for executing DML statements. Use doubled semicolon (';;') to use a semicolon as a character and not as a delimiter.",
            "type" : "string",
            "x-name" : "database.initial.statements",
            "x-category" : "CONNECTION_ADVANCED"
          },
          "plugin.name" : {
            "title" : "Plugin",
            "description" : "The name of the Postgres logical decoding plugin installed on the server. Supported values are 'decoderbufs' and 'pgoutput'. Defaults to 'decoderbufs'.",
            "default" : "decoderbufs",
            "enum" : [ "decoderbufs", "pgoutput" ],
            "type" : "string",
            "x-name" : "plugin.name",
            "x-category" : "CONNECTION_ADVANCED_REPLICATION"
          },
          "slot.name" : {
            "title" : "Slot",
            "description" : "The name of the Postgres logical decoding slot created for streaming changes from a plugin. Defaults to 'debezium",
            "default" : "debezium",
            "type" : "string",
            "x-name" : "slot.name",
            "x-category" : "CONNECTION_ADVANCED_REPLICATION"
          },
          "slot.stream.params" : {
            "title" : "Optional parameters to pass to the logical decoder when the stream is started.",
            "description" : "Any optional parameters used by logical decoding plugin. Semi-colon separated. E.g. 'add-tables=public.table,public.table2;include-lsn=true'",
            "type" : "string",
            "x-name" : "slot.stream.params",
            "x-category" : "CONNECTION_ADVANCED_REPLICATION"
          },
          "slot.drop.on.stop" : {
            "title" : "Drop slot on stop",
            "description" : "Whether or not to drop the logical replication slot when the connector finishes orderly. By default the replication is kept so that on restart progress can resume from the last recorded location",
            "default" : false,
            "type" : "boolean",
            "x-name" : "slot.drop.on.stop",
            "x-category" : "CONNECTION_ADVANCED_REPLICATION"
          },
          "slot.max.retries" : {
            "format" : "int32",
            "title" : "Retry count",
            "description" : "How many times to retry connecting to a replication slot when an attempt fails.",
            "default" : 6,
            "type" : "integer",
            "x-name" : "slot.max.retries",
            "x-category" : "CONNECTION_ADVANCED_REPLICATION"
          },
          "slot.retry.delay.ms" : {
            "format" : "int64",
            "title" : "Retry delay",
            "description" : "Time to wait between retry attempts when the connector fails to connect to a replication slot, given in milliseconds. Defaults to 10 seconds (10,000 ms).",
            "default" : 10000,
            "type" : "integer",
            "x-name" : "slot.retry.delay.ms",
            "x-category" : "CONNECTION_ADVANCED_REPLICATION"
          },
          "status.update.interval.ms" : {
            "format" : "int32",
            "title" : "Status update interval (ms)",
            "description" : "Frequency for sending replication connection status updates to the server, given in milliseconds. Defaults to 10 seconds (10,000 ms).",
            "default" : 10000,
            "type" : "integer",
            "x-name" : "status.update.interval.ms",
            "x-category" : "CONNECTION_ADVANCED_REPLICATION"
          },
          "xmin.fetch.interval.ms" : {
            "format" : "int64",
            "title" : "Xmin fetch interval (ms)",
            "description" : "Specify how often (in ms) the xmin will be fetched from the replication slot. This xmin value is exposed by the slot which gives a lower bound of where a new replication slot could start from. The lower the value, the more likely this value is to be the current 'true' value, but the bigger the performance cost. The bigger the value, the less likely this value is to be the current 'true' value, but the lower the performance penalty. The default is set to 0 ms, which disables tracking xmin.",
            "default" : 0,
            "type" : "integer",
            "x-name" : "xmin.fetch.interval.ms",
            "x-category" : "CONNECTION_ADVANCED_REPLICATION"
          },
          "publication.name" : {
            "title" : "Publication",
            "description" : "The name of the Postgres 10+ publication used for streaming changes from a plugin. Defaults to 'dbz_publication'",
            "default" : "dbz_publication",
            "type" : "string",
            "x-name" : "publication.name",
            "x-category" : "CONNECTION_ADVANCED_REPLICATION"
          },
          "publication.autocreate.mode" : {
            "title" : "Publication Auto Create Mode",
            "description" : "Applies only when streaming changes using pgoutput.Determine how creation of a publication should work, the default is all_tables.DISABLED - The connector will not attempt to create a publication at all. The expectation is that the user has created the publication up-front. If the publication isn't found to exist upon startup, the connector will throw an exception and stop.ALL_TABLES - If no publication exists, the connector will create a new publication for all tables. Note this requires that the configured user has access. If the publication already exists, it will be used. i.e CREATE PUBLICATION <publication_name> FOR ALL TABLES;FILTERED - If no publication exists, the connector will create a new publication for all those tables matchingthe current filter configuration (see table/database include/exclude list properties). If the publication already exists, it will be used. i.e CREATE PUBLICATION <publication_name> FOR TABLE <tbl1, tbl2, etc>",
            "default" : "all_tables",
            "enum" : [ "filtered", "disabled", "all_tables" ],
            "type" : "string",
            "x-name" : "publication.autocreate.mode",
            "x-category" : "CONNECTION_ADVANCED_REPLICATION"
          },
          "replica.identity.autoset.values" : {
            "title" : "Replica Identity Auto Set Values",
            "description" : "Applies only when streaming changes using pgoutput.Determines the value for Replica Identity at table level. This option will overwrite the existing value in databaseA comma-separated list of regular expressions that match fully-qualified tables and Replica Identity value to be used in the table. Each expression must match the pattern '<fully-qualified table name>:<replica identity>', where the table names could be defined as (SCHEMA_NAME.TABLE_NAME), and the replica identity values are: DEFAULT - Records the old values of the columns of the primary key, if any. This is the default for non-system tables.INDEX index_name - Records the old values of the columns covered by the named index, that must be unique, not partial, not deferrable, and include only columns marked NOT NULL. If this index is dropped, the behavior is the same as NOTHING.FULL - Records the old values of all columns in the row.NOTHING - Records no information about the old row. This is the default for system tables.",
            "type" : "string",
            "x-name" : "replica.identity.autoset.values",
            "x-category" : "CONNECTION_ADVANCED_REPLICATION"
          },
          "schema.include.list" : {
            "format" : "list,regex",
            "title" : "Include Schemas",
            "description" : "The schemas for which events should be captured",
            "type" : "string",
            "x-name" : "schema.include.list",
            "x-category" : "FILTERS"
          },
          "schema.exclude.list" : {
            "format" : "list,regex",
            "title" : "Exclude Schemas",
            "description" : "The schemas for which events must not be captured",
            "type" : "string",
            "x-name" : "schema.exclude.list",
            "x-category" : "FILTERS"
          },
          "table.include.list" : {
            "format" : "list,regex",
            "title" : "Include Tables",
            "description" : "The tables for which changes are to be captured",
            "type" : "string",
            "x-name" : "table.include.list",
            "x-category" : "FILTERS"
          },
          "table.exclude.list" : {
            "format" : "list,regex",
            "title" : "Exclude Tables",
            "description" : "A comma-separated list of regular expressions that match the fully-qualified names of tables to be excluded from monitoring",
            "type" : "string",
            "x-name" : "table.exclude.list",
            "x-category" : "FILTERS"
          },
          "column.include.list" : {
            "format" : "list,regex",
            "title" : "Include Columns",
            "description" : "Regular expressions matching columns to include in change events",
            "type" : "string",
            "x-name" : "column.include.list",
            "x-category" : "FILTERS"
          },
          "column.exclude.list" : {
            "format" : "list,regex",
            "title" : "Exclude Columns",
            "description" : "Regular expressions matching columns to exclude from change events",
            "type" : "string",
            "x-name" : "column.exclude.list",
            "x-category" : "FILTERS"
          },
          "table.ignore.builtin" : {
            "title" : "Ignore system databases",
            "description" : "Flag specifying whether built-in tables should be ignored.",
            "default" : true,
            "type" : "boolean",
            "x-name" : "table.ignore.builtin",
            "x-category" : "FILTERS"
          },
          "snapshot.mode" : {
            "title" : "Snapshot mode",
            "description" : "The criteria for running a snapshot upon startup of the connector. Select one of the following snapshot options: 'always': The connector runs a snapshot every time that it starts. After the snapshot completes, the connector begins to stream changes from the transaction log.; 'initial' (default): If the connector does not detect any offsets for the logical server name, it runs a snapshot that captures the current full state of the configured tables. After the snapshot completes, the connector begins to stream changes from the transaction log. 'initial_only': The connector performs a snapshot as it does for the 'initial' option, but after the connector completes the snapshot, it stops, and does not stream changes from the transaction log.; 'never': The connector does not run a snapshot. Upon first startup, the connector immediately begins reading from the beginning of the transaction log. 'exported': This option is deprecated; use 'initial' instead.; 'custom': The connector loads a custom class  to specify how the connector performs snapshots. For more information, see Custom snapshotter SPI in the PostgreSQL connector documentation.",
            "default" : "initial",
            "enum" : [ "always", "never", "initial_only", "initial", "custom" ],
            "type" : "string",
            "x-name" : "snapshot.mode",
            "x-category" : "CONNECTOR_SNAPSHOT"
          },
          "snapshot.include.collection.list" : {
            "format" : "list,regex",
            "title" : "Snapshot mode include data collection",
            "description" : "This setting must be set to specify a list of tables/collections whose snapshot must be taken on creating or restarting the connector.",
            "type" : "string",
            "x-name" : "snapshot.include.collection.list",
            "x-category" : "CONNECTOR_SNAPSHOT"
          },
          "snapshot.fetch.size" : {
            "format" : "int32",
            "title" : "Snapshot fetch size",
            "description" : "The maximum number of records that should be loaded into memory while performing a snapshot.",
            "type" : "integer",
            "x-name" : "snapshot.fetch.size",
            "x-category" : "CONNECTOR_SNAPSHOT"
          },
          "snapshot.delay.ms" : {
            "format" : "int64",
            "title" : "Snapshot Delay (milliseconds)",
            "description" : "A delay period before a snapshot will begin, given in milliseconds. Defaults to 0 ms.",
            "default" : 0,
            "type" : "integer",
            "x-name" : "snapshot.delay.ms",
            "x-category" : "CONNECTOR_SNAPSHOT"
          },
          "snapshot.lock.timeout.ms" : {
            "format" : "int64",
            "title" : "Snapshot lock timeout (ms)",
            "description" : "The maximum number of millis to wait for table locks at the beginning of a snapshot. If locks cannot be acquired in this time frame, the snapshot will be aborted. Defaults to 10 seconds",
            "default" : 10000,
            "type" : "integer",
            "x-name" : "snapshot.lock.timeout.ms",
            "x-category" : "CONNECTOR_SNAPSHOT"
          },
          "snapshot.max.threads" : {
            "format" : "int32",
            "title" : "Snapshot maximum threads",
            "description" : "The maximum number of threads used to perform the snapshot. Defaults to 1.",
            "default" : 1,
            "type" : "integer",
            "x-name" : "snapshot.max.threads",
            "x-category" : "CONNECTOR_SNAPSHOT"
          },
          "snapshot.select.statement.overrides" : {
            "title" : "List of tables where the default select statement used during snapshotting should be overridden.",
            "description" : " This property contains a comma-separated list of fully-qualified tables (DB_NAME.TABLE_NAME) or (SCHEMA_NAME.TABLE_NAME), depending on the specific connectors. Select statements for the individual tables are specified in further configuration properties, one for each table, identified by the id 'snapshot.select.statement.overrides.[DB_NAME].[TABLE_NAME]' or 'snapshot.select.statement.overrides.[SCHEMA_NAME].[TABLE_NAME]', respectively. The value of those properties is the select statement to use when retrieving data from the specific table during snapshotting. A possible use case for large append-only tables is setting a specific point where to start (resume) snapshotting, in case a previous snapshotting was interrupted.",
            "type" : "string",
            "x-name" : "snapshot.select.statement.overrides",
            "x-category" : "CONNECTOR_SNAPSHOT"
          },
          "snapshot.custom.class" : {
            "title" : "Snapshot Mode Custom Class",
            "description" : "When 'snapshot.mode' is set as custom, this setting must be set to specify a fully qualified class name to load (via the default class loader). This class must implement the 'Snapshotter' interface and is called on each app boot to determine whether to do a snapshot and how to build queries.",
            "type" : "string",
            "x-name" : "snapshot.custom.class",
            "x-category" : "CONNECTOR_SNAPSHOT"
          },
          "snapshot.tables.order.by.row.count" : {
            "title" : "Initial snapshot tables order by row count",
            "description" : "Controls the order in which tables are processed in the initial snapshot. A `descending` value will order the tables by row count descending. A `ascending` value will order the tables by row count ascending. A value of `disabled` (the default) will disable ordering by row count.",
            "default" : "disabled",
            "enum" : [ "disabled", "ascending", "descending" ],
            "type" : "string",
            "x-name" : "snapshot.tables.order.by.row.count",
            "x-category" : "CONNECTOR_SNAPSHOT"
          },
          "tombstones.on.delete" : {
            "title" : "Change the behaviour of Debezium with regards to delete operations",
            "description" : "Whether delete operations should be represented by a delete event and a subsequent tombstone event (true) or only by a delete event (false). Emitting the tombstone event (the default behavior) allows Kafka to completely delete all events pertaining to the given key once the source record got deleted.",
            "default" : true,
            "type" : "boolean",
            "x-name" : "tombstones.on.delete",
            "x-category" : "CONNECTOR"
          },
          "decimal.handling.mode" : {
            "title" : "Decimal Handling",
            "description" : "Specify how DECIMAL and NUMERIC columns should be represented in change events, including: 'precise' (the default) uses java.math.BigDecimal to represent values, which are encoded in the change events using a binary representation and Kafka Connect's 'org.apache.kafka.connect.data.Decimal' type; 'string' uses string to represent values; 'double' represents values using Java's 'double', which may not offer the precision but will be far easier to use in consumers.",
            "default" : "precise",
            "enum" : [ "string", "double", "precise" ],
            "type" : "string",
            "x-name" : "decimal.handling.mode",
            "x-category" : "CONNECTOR"
          },
          "binary.handling.mode" : {
            "title" : "Binary Handling",
            "description" : "Specify how binary (blob, binary, etc.) columns should be represented in change events, including: 'bytes' represents binary data as byte array (default); 'base64' represents binary data as base64-encoded string; 'base64-url-safe' represents binary data as base64-url-safe-encoded string; 'hex' represents binary data as hex-encoded (base16) string",
            "default" : "bytes",
            "enum" : [ "bytes", "base64", "hex", "base64-url-safe" ],
            "type" : "string",
            "x-name" : "binary.handling.mode",
            "x-category" : "CONNECTOR"
          },
          "time.precision.mode" : {
            "title" : "Time Precision",
            "description" : "Time, date, and timestamps can be represented with different kinds of precisions, including: 'adaptive' (the default) bases the precision of time, date, and timestamp values on the database column's precision; 'adaptive_time_microseconds' like 'adaptive' mode, but TIME fields always use microseconds precision; 'connect' always represents time, date, and timestamp values using Kafka Connect's built-in representations for Time, Date, and Timestamp, which uses millisecond precision regardless of the database columns' precision.",
            "default" : "adaptive",
            "enum" : [ "adaptive", "adaptive_time_microseconds", "connect" ],
            "type" : "string",
            "x-name" : "time.precision.mode",
            "x-category" : "CONNECTOR"
          },
          "include.schema.comments" : {
            "title" : "Include Table and Column Comments",
            "description" : "Whether the connector parse table and column's comment to metadata object. Note: Enable this option will bring the implications on memory usage. The number and size of ColumnImpl objects is what largely impacts how much memory is consumed by the Debezium connectors, and adding a String to each of them can potentially be quite heavy. The default is 'false'.",
            "default" : false,
            "type" : "boolean",
            "x-name" : "include.schema.comments",
            "x-category" : "CONNECTOR"
          },
          "schema.name.adjustment.mode" : {
            "title" : "Schema Name Adjustment",
            "description" : "Specify how schema names should be adjusted for compatibility with the message converter used by the connector, including: 'avro' replaces the characters that cannot be used in the Avro type name with underscore; 'avro_unicode' replaces the underscore or characters that cannot be used in the Avro type name with corresponding unicode like _uxxxx. Note: _ is an escape sequence like backslash in Java;'none' does not apply any adjustment (default)",
            "default" : "none",
            "enum" : [ "none", "avro_unicode", "avro" ],
            "type" : "string",
            "x-name" : "schema.name.adjustment.mode",
            "x-category" : "CONNECTOR"
          },
          "interval.handling.mode" : {
            "title" : "Interval Handling",
            "description" : "Specify how INTERVAL columns should be represented in change events, including: 'string' represents values as an exact ISO formatted string; 'numeric' (default) represents values using the inexact conversion into microseconds",
            "default" : "numeric",
            "enum" : [ "string", "numeric" ],
            "type" : "string",
            "x-name" : "interval.handling.mode",
            "x-category" : "CONNECTOR"
          },
          "hstore.handling.mode" : {
            "title" : "HStore Handling",
            "description" : "Specify how HSTORE columns should be represented in change events, including: 'json' represents values as string-ified JSON (default); 'map' represents values as a key/value map",
            "default" : "json",
            "enum" : [ "json", "map" ],
            "type" : "string",
            "x-name" : "hstore.handling.mode",
            "x-category" : "CONNECTOR"
          },
          "message.prefix.include.list" : {
            "format" : "list,regex",
            "title" : "Include Logical Decoding Message Prefixes",
            "description" : "A comma-separated list of regular expressions that match the logical decoding message prefixes to be monitored. All prefixes are monitored by default.",
            "type" : "string",
            "x-name" : "message.prefix.include.list",
            "x-category" : "CONNECTOR"
          },
          "message.prefix.exclude.list" : {
            "format" : "list,regex",
            "title" : "Exclude Logical Decoding Message Prefixes",
            "description" : "A comma-separated list of regular expressions that match the logical decoding message prefixes to be excluded from monitoring.",
            "type" : "string",
            "x-name" : "message.prefix.exclude.list",
            "x-category" : "CONNECTOR"
          },
          "flush.lsn.source" : {
            "title" : "Boolean to determine if Debezium should flush LSN in the source database",
            "description" : "Boolean to determine if Debezium should flush LSN in the source postgres database. If set to false, user will have to flush the LSN manually outside Debezium.",
            "default" : true,
            "type" : "boolean",
            "x-name" : "flush.lsn.source",
            "x-category" : "CONNECTOR"
          },
          "heartbeat.interval.ms" : {
            "format" : "int32",
            "title" : "Connector heartbeat interval (milli-seconds)",
            "description" : "Length of an interval in milli-seconds in in which the connector periodically sends heartbeat messages to a heartbeat topic. Use 0 to disable heartbeat messages. Disabled by default.",
            "default" : 0,
            "type" : "integer",
            "x-name" : "heartbeat.interval.ms",
            "x-category" : "ADVANCED_HEARTBEAT"
          },
          "heartbeat.topics.prefix" : {
            "title" : "A prefix used for naming of heartbeat topics",
            "description" : "The prefix that is used to name heartbeat topics.Defaults to __debezium-heartbeat.",
            "default" : "__debezium-heartbeat",
            "type" : "string",
            "x-name" : "heartbeat.topics.prefix",
            "x-category" : "ADVANCED_HEARTBEAT"
          },
          "heartbeat.action.query" : {
            "title" : "An optional query to execute with every heartbeat",
            "description" : "The query executed with every heartbeat.",
            "type" : "string",
            "x-name" : "heartbeat.action.query",
            "x-category" : "ADVANCED_HEARTBEAT"
          },
          "schema.refresh.mode" : {
            "title" : "Schema refresh mode",
            "description" : "Specify the conditions that trigger a refresh of the in-memory schema for a table. 'columns_diff' (the default) is the safest mode, ensuring the in-memory schema stays in-sync with the database table's schema at all times. 'columns_diff_exclude_unchanged_toast' instructs the connector to refresh the in-memory schema cache if there is a discrepancy between it and the schema derived from the incoming message, unless unchanged TOASTable data fully accounts for the discrepancy. This setting can improve connector performance significantly if there are frequently-updated tables that have TOASTed data that are rarely part of these updates. However, it is possible for the in-memory schema to become outdated if TOASTable columns are dropped from the table.",
            "default" : "columns_diff",
            "enum" : [ "columns_diff", "columns_diff_exclude_unchanged_toast" ],
            "type" : "string",
            "x-name" : "schema.refresh.mode",
            "x-category" : "CONNECTOR_ADVANCED"
          },
          "include.unknown.datatypes" : {
            "title" : "Include unknown datatypes",
            "description" : "Specify whether the fields of data type not supported by Debezium should be processed: 'false' (the default) omits the fields; 'true' converts the field into an implementation dependent binary representation.",
            "default" : false,
            "type" : "boolean",
            "x-name" : "include.unknown.datatypes",
            "x-category" : "CONNECTOR_ADVANCED"
          },
          "converters" : {
            "title" : "List of prefixes defining custom values converters.",
            "description" : "Optional list of custom converters that would be used instead of default ones. The converters are defined using '<converter.prefix>.type' config option and configured using options '<converter.prefix>.<option>'",
            "type" : "string",
            "x-name" : "converters",
            "x-category" : "CONNECTOR_ADVANCED"
          },
          "column.truncate.to.(d+).chars" : {
            "format" : "int32",
            "title" : "Truncate Columns To n Characters",
            "description" : "A comma-separated list of regular expressions matching fully-qualified names of columns that should be truncated to the configured amount of characters.",
            "type" : "integer",
            "x-name" : "column.truncate.to.(d+).chars",
            "x-category" : "CONNECTOR_ADVANCED"
          },
          "column.mask.with.(d+).chars" : {
            "title" : "Mask Columns With n Asterisks",
            "description" : "A comma-separated list of regular expressions matching fully-qualified names of columns that should be masked with configured amount of asterisk ('*') characters.",
            "type" : "string",
            "x-name" : "column.mask.with.(d+).chars",
            "x-category" : "CONNECTOR_ADVANCED"
          },
          "column.mask.hash.([^.]+).with.salt.(.+)" : {
            "title" : "Mask Columns Using Hash and Salt",
            "description" : "A comma-separated list of regular expressions matching fully-qualified names of columns that should be masked by hashing the input. Using the specified hash algorithms and salt.",
            "type" : "string",
            "x-name" : "column.mask.hash.([^.]+).with.salt.(.+)",
            "x-category" : "CONNECTOR_ADVANCED"
          },
          "datatype.propagate.source.type" : {
            "format" : "list,regex",
            "title" : "Propagate Source Types by Data Type",
            "description" : "A comma-separated list of regular expressions matching the database-specific data type names that adds the data type's original type and original length as parameters to the corresponding field schemas in the emitted change records.",
            "type" : "string",
            "x-name" : "datatype.propagate.source.type",
            "x-category" : "CONNECTOR_ADVANCED"
          },
          "column.propagate.source.type" : {
            "format" : "list,regex",
            "title" : "Propagate Source Types by Columns",
            "description" : "A comma-separated list of regular expressions matching fully-qualified names of columns that adds the column’s original type and original length as parameters to the corresponding field schemas in the emitted change records.",
            "type" : "string",
            "x-name" : "column.propagate.source.type",
            "x-category" : "CONNECTOR_ADVANCED"
          },
          "message.key.columns" : {
            "title" : "Columns PK mapping",
            "description" : "A semicolon-separated list of expressions that match fully-qualified tables and column(s) to be used as message key. Each expression must match the pattern '<fully-qualified table name>:<key columns>', where the table names could be defined as (DB_NAME.TABLE_NAME) or (SCHEMA_NAME.TABLE_NAME), depending on the specific connector, and the key columns are a comma-separated list of columns representing the custom key. For any table without an explicit key configuration the table's primary key column(s) will be used as message key. Example: dbserver1.inventory.orderlines:orderId,orderLineId;dbserver1.inventory.orders:id",
            "type" : "string",
            "x-name" : "message.key.columns",
            "x-category" : "CONNECTOR_ADVANCED"
          },
          "provide.transaction.metadata" : {
            "title" : "Store transaction metadata information in a dedicated topic.",
            "description" : "Enables transaction metadata extraction together with event counting",
            "default" : false,
            "type" : "boolean",
            "x-name" : "provide.transaction.metadata",
            "x-category" : "CONNECTOR_ADVANCED"
          },
          "unavailable.value.placeholder" : {
            "title" : "Unavailable value placeholder",
            "description" : "Specify the constant that will be provided by Debezium to indicate that the original value is a toasted value not provided by the database. If starts with 'hex:' prefix it is expected that the rest of the string represents hexadecimal encoded octets.",
            "default" : "__debezium_unavailable_value",
            "type" : "string",
            "x-name" : "unavailable.value.placeholder",
            "x-category" : "CONNECTOR_ADVANCED"
          },
          "errors.max.retries" : {
            "format" : "int32",
            "title" : "The maximum number of retries",
            "description" : "The maximum number of retries on connection errors before failing (-1 = no limit, 0 = disabled, > 0 = num of retries).",
            "default" : -1,
            "type" : "integer",
            "x-name" : "errors.max.retries",
            "x-category" : "CONNECTOR_ADVANCED"
          },
          "skipped.operations" : {
            "format" : "list,regex",
            "title" : "Skipped Operations",
            "description" : "The comma-separated list of operations to skip during streaming, defined as: 'c' for inserts/create; 'u' for updates; 'd' for deletes, 't' for truncates, and 'none' to indicate nothing skipped. By default, only truncate operations will be skipped.",
            "default" : "t",
            "type" : "string",
            "x-name" : "skipped.operations",
            "x-category" : "ADVANCED"
          },
          "event.processing.failure.handling.mode" : {
            "title" : "Event deserialization failure handling",
            "description" : "Specify how failures during processing of events (i.e. when encountering a corrupted event) should be handled, including: 'fail' (the default) an exception indicating the problematic event and its position is raised, causing the connector to be stopped; 'warn' the problematic event and its position will be logged and the event will be skipped; 'ignore' the problematic event will be skipped.",
            "default" : "fail",
            "enum" : [ "warn", "fail", "ignore", "skip" ],
            "type" : "string",
            "x-name" : "event.processing.failure.handling.mode",
            "x-category" : "ADVANCED"
          },
          "query.fetch.size" : {
            "format" : "int32",
            "title" : "Query fetch size",
            "description" : "The maximum number of records that should be loaded into memory while streaming. A value of '0' uses the default JDBC fetch size.",
            "default" : 0,
            "type" : "integer",
            "x-name" : "query.fetch.size",
            "x-category" : "ADVANCED"
          },
          "max.batch.size" : {
            "format" : "int32",
            "title" : "Change event batch size",
            "description" : "Maximum size of each batch of source records. Defaults to 2048.",
            "default" : 2048,
            "type" : "integer",
            "x-name" : "max.batch.size",
            "x-category" : "ADVANCED"
          },
          "max.queue.size" : {
            "format" : "int32",
            "title" : "Change event buffer size",
            "description" : "Maximum size of the queue for change events read from the database log but not yet recorded or forwarded. Defaults to 8192, and should always be larger than the maximum batch size.",
            "default" : 8192,
            "type" : "integer",
            "x-name" : "max.queue.size",
            "x-category" : "ADVANCED"
          },
          "max.queue.size.in.bytes" : {
            "format" : "int64",
            "title" : "Change event buffer size in bytes",
            "description" : "Maximum size of the queue in bytes for change events read from the database log but not yet recorded or forwarded. Defaults to 0. Mean the feature is not enabled",
            "default" : 0,
            "type" : "integer",
            "x-name" : "max.queue.size.in.bytes",
            "x-category" : "ADVANCED"
          },
          "poll.interval.ms" : {
            "format" : "int64",
            "title" : "Poll interval (ms)",
            "description" : "Time to wait for new change events to appear after receiving no events, given in milliseconds. Defaults to 500 ms.",
            "default" : 500,
            "type" : "integer",
            "x-name" : "poll.interval.ms",
            "x-category" : "ADVANCED"
          },
          "retriable.restart.connector.wait.ms" : {
            "format" : "int64",
            "title" : "Retriable restart wait (ms)",
            "description" : "Time to wait before restarting connector after retriable exception occurs. Defaults to 10000ms.",
            "default" : 10000,
            "type" : "integer",
            "x-name" : "retriable.restart.connector.wait.ms",
            "x-category" : "ADVANCED"
          },
          "signal.data.collection" : {
            "title" : "Signaling data collection",
            "description" : "The name of the data collection that is used to send signals/commands to Debezium. Signaling is disabled when not set.",
            "type" : "string",
            "x-name" : "signal.data.collection",
            "x-category" : "ADVANCED"
          },
          "signal.poll.interval.ms" : {
            "format" : "int64",
            "title" : "Signal processor poll interval",
            "description" : "Interval for looking for new signals in registered channels, given in milliseconds. Defaults to 5 seconds.",
            "default" : 5000,
            "type" : "integer",
            "x-name" : "signal.poll.interval.ms",
            "x-category" : "ADVANCED"
          },
          "signal.enabled.channels" : {
            "format" : "list,regex",
            "title" : "Enabled channels names",
            "description" : "List of channels names that are enabled. Source channel is enabled by default",
            "default" : "source",
            "type" : "string",
            "x-name" : "signal.enabled.channels",
            "x-category" : "ADVANCED"
          },
          "topic.naming.strategy" : {
            "format" : "class",
            "title" : "Topic naming strategy class",
            "description" : "The name of the TopicNamingStrategy class that should be used to determine the topic name for data change, schema change, transaction, heartbeat event etc.",
            "default" : "io.debezium.schema.SchemaTopicNamingStrategy",
            "type" : "string",
            "x-name" : "topic.naming.strategy",
            "x-category" : "ADVANCED"
          },
          "incremental.snapshot.chunk.size" : {
            "format" : "int32",
            "title" : "Incremental snapshot chunk size",
            "description" : "The maximum size of chunk (number of documents/rows) for incremental snapshotting",
            "default" : 1024,
            "type" : "integer",
            "x-name" : "incremental.snapshot.chunk.size",
            "x-category" : "ADVANCED"
          }
        },
        "additionalProperties" : true,
        "x-connector-id" : "postgres",
        "x-version" : "2.3.7.Final",
        "x-className" : "io.debezium.connector.postgresql.PostgresConnector"
      }
    }
  }
}